Time (s),Current (A)
0.0,-8.731149e-09
0.0009765625,-6.693881e-09
0.001953125,-5.675247e-09
0.0029296875,-8.731149e-09
0.00390625,-6.693881e-09
0.0048828125,-4.656613e-09
0.005859375,3.49246e-09
0.0068359375,-5.820766e-10
0.0078125,-5.820766e-10
0.0087890625,-5.675247e-09
0.009765625,-6.693881e-09
0.0107421875,-5.675247e-09
0.01171875,-7.712515e-09
0.0126953125,-1.280569e-08
0.013671875,-9.749783e-09
0.0146484375,-4.656613e-09
0.015625,-1.600711e-09
0.0166015625,4.365575e-10
0.017578125,-6.693881e-09
0.0185546875,-5.675247e-09
0.01953125,-9.749783e-09
0.0205078125,-4.656613e-09
0.021484375,-4.656613e-09
0.0224609375,-3.637979e-09
0.0234375,-2.619345e-09
0.0244140625,-2.619345e-09
0.025390625,-8.731149e-09
0.0263671875,-1.600711e-09
0.02734375,-1.076842e-08
0.0283203125,-5.820766e-10
0.029296875,-6.693881e-09
0.0302734375,-1.178705e-08
0.03125,-7.712515e-09
0.0322265625,-8.731149e-09
0.033203125,4.511094e-09
0.0341796875,-4.656613e-09
0.03515625,-1.600711e-09
0.0361328125,-7.712515e-09
0.037109375,-3.637979e-09
0.0380859375,-4.656613e-09
0.0390625,-5.675247e-09
0.0400390625,-6.693881e-09
0.041015625,-2.619345e-09
0.0419921875,-5.675247e-09
0.04296875,-3.637979e-09
0.0439453125,-5.820766e-10
0.044921875,-4.656613e-09
0.0458984375,-9.749783e-09
0.046875,-7.712515e-09
0.0478515625,-3.637979e-09
0.048828125,-7.712515e-09
0.0498046875,-6.693881e-09
0.05078125,-2.619345e-09
0.0517578125,-4.656613e-09
0.052734375,-6.693881e-09
0.0537109375,-4.656613e-09
0.0546875,-5.675247e-09
0.0556640625,-1.600711e-09
0.056640625,-1.076842e-08
0.0576171875,-1.280569e-08
0.05859375,-3.637979e-09
0.0595703125,-6.693881e-09
0.060546875,-5.820766e-10
0.0615234375,-5.820766e-10
0.0625,-3.637979e-09
0.0634765625,-2.619345e-09
0.064453125,-4.656613e-09
0.0654296875,-8.731149e-09
0.06640625,-1.076842e-08
0.0673828125,-7.712515e-09
0.068359375,-6.693881e-09
0.0693359375,-5.820766e-10
0.0703125,-2.619345e-09
0.0712890625,4.365575e-10
0.072265625,-1.600711e-09
0.0732421875,-2.619345e-09
0.07421875,-6.693881e-09
0.0751953125,-8.731149e-09
0.076171875,-3.637979e-09
0.0771484375,-4.656613e-09
0.078125,-3.637979e-09
0.0791015625,-2.619345e-09
0.080078125,-9.749783e-09
0.0810546875,-6.693881e-09
0.08203125,-4.656613e-09
0.0830078125,-8.731149e-09
0.083984375,-6.693881e-09
0.0849609375,-7.712515e-09
0.0859375,-6.693881e-09
0.0869140625,-7.712515e-09
0.087890625,-1.600711e-09
0.0888671875,-5.820766e-10
0.08984375,-1.600711e-09
0.0908203125,-6.693881e-09
0.091796875,-7.712515e-09
0.0927734375,-2.619345e-09
0.09375,-4.656613e-09
0.0947265625,-6.693881e-09
0.095703125,-7.712515e-09
0.0966796875,-4.656613e-09
0.09765625,-3.637979e-09
0.0986328125,4.365575e-10
0.099609375,-4.656613e-09
0.1005859375,-4.656613e-09
0.1015625,-6.693881e-09
0.1025390625,-1.076842e-08
0.103515625,-1.280569e-08
0.1044921875,-2.619345e-09
0.10546875,1.455192e-09
0.1064453125,-2.619345e-09
0.107421875,-7.712515e-09
0.1083984375,-1.076842e-08
0.109375,-5.675247e-09
0.1103515625,-3.637979e-09
0.111328125,-5.675247e-09
0.1123046875,-4.656613e-09
0.11328125,-5.675247e-09
0.1142578125,-1.076842e-08
0.115234375,-5.675247e-09
0.1162109375,-4.656613e-09
0.1171875,-2.619345e-09
0.1181640625,-6.693881e-09
0.119140625,-8.731149e-09
0.1201171875,-6.693881e-09
0.12109375,-5.675247e-09
0.1220703125,-8.731149e-09
0.123046875,-1.178705e-08
0.1240234375,1.455192e-09
0.125,-2.619345e-09
0.1259765625,-3.637979e-09
0.126953125,4.365575e-10
0.1279296875,-1.600711e-09
0.12890625,-6.693881e-09
0.1298828125,-8.731149e-09
0.130859375,-8.731149e-09
0.1318359375,-1.600711e-09
0.1328125,4.365575e-10
0.1337890625,-8.731149e-09
0.134765625,-7.712515e-09
0.1357421875,-3.637979e-09
0.13671875,-6.693881e-09
0.1376953125,-7.712515e-09
0.138671875,-5.675247e-09
0.1396484375,-8.731149e-09
0.140625,-6.693881e-09
0.1416015625,-6.693881e-09
0.142578125,1.455192e-09
0.1435546875,-5.820766e-10
0.14453125,3.49246e-09
0.1455078125,-2.619345e-09
0.146484375,-2.619345e-09
0.1474609375,-4.656613e-09
0.1484375,-1.076842e-08
0.1494140625,-4.656613e-09
0.150390625,-7.712515e-09
0.1513671875,-2.619345e-09
0.15234375,-1.600711e-09
0.1533203125,-1.600711e-09
0.154296875,-5.820766e-10
0.1552734375,2.473826e-09
0.15625,-3.637979e-09
0.1572265625,-7.712515e-09
0.158203125,-1.076842e-08
0.1591796875,-5.675247e-09
0.16015625,-3.637979e-09
0.1611328125,-5.820766e-10
0.162109375,-4.656613e-09
0.1630859375,-5.675247e-09
0.1640625,-5.675247e-09
0.1650390625,-4.656613e-09
0.166015625,-8.731149e-09
0.1669921875,-7.712515e-09
0.16796875,-6.693881e-09
0.1689453125,-1.600711e-09
0.169921875,-7.712515e-09
0.1708984375,-5.820766e-10
0.171875,-1.600711e-09
0.1728515625,-1.600711e-09
0.173828125,-2.619345e-09
0.1748046875,-5.675247e-09
0.17578125,-6.693881e-09
0.1767578125,-1.076842e-08
0.177734375,-5.675247e-09
0.1787109375,-5.675247e-09
0.1796875,-4.656613e-09
0.1806640625,-3.637979e-09
0.181640625,1.455192e-09
0.1826171875,-2.619345e-09
0.18359375,-4.656613e-09
0.1845703125,-9.749783e-09
0.185546875,-4.656613e-09
0.1865234375,-1.600711e-09
0.1875,-9.749783e-09
0.1884765625,-4.656613e-09
0.189453125,-5.820766e-10
0.1904296875,-7.712515e-09
0.19140625,-6.693881e-09
0.1923828125,-3.637979e-09
0.193359375,-6.693881e-09
0.1943359375,-7.712515e-09
0.1953125,-7.712515e-09
0.1962890625,-7.712515e-09
0.197265625,-6.693881e-09
0.1982421875,-3.637979e-09
0.19921875,1.455192e-09
0.2001953125,-9.749783e-09
0.201171875,-9.749783e-09
0.2021484375,-3.637979e-09
0.203125,-7.712515e-09
0.2041015625,-7.712515e-09
0.205078125,-6.693881e-09
0.2060546875,-5.675247e-09
0.20703125,-5.820766e-10
0.2080078125,-1.600711e-09
0.208984375,-3.637979e-09
0.2099609375,-4.656613e-09
0.2109375,-5.675247e-09
0.2119140625,-6.693881e-09
0.212890625,-5.675247e-09
0.2138671875,-5.675247e-09
0.21484375,-3.637979e-09
0.2158203125,-9.749783e-09
0.216796875,-8.731149e-09
0.2177734375,-6.693881e-09
0.21875,-9.749783e-09
0.2197265625,-7.712515e-09
0.220703125,-7.712515e-09
0.2216796875,-1.600711e-09
0.22265625,-8.731149e-09
0.2236328125,-8.731149e-09
0.224609375,-3.637979e-09
0.2255859375,4.365575e-10
0.2265625,5.529728e-09
0.2275390625,-4.656613e-09
0.228515625,-4.656613e-09
0.2294921875,-7.712515e-09
0.23046875,-6.693881e-09
0.2314453125,-6.693881e-09
0.232421875,-6.693881e-09
0.2333984375,-6.693881e-09
0.234375,-5.675247e-09
0.2353515625,-8.731149e-09
0.236328125,-5.820766e-10
0.2373046875,-4.656613e-09
0.23828125,-5.675247e-09
0.2392578125,-5.675247e-09
0.240234375,-7.712515e-09
0.2412109375,-5.675247e-09
0.2421875,-7.712515e-09
0.2431640625,-4.656613e-09
0.244140625,-1.600711e-09
0.2451171875,-4.656613e-09
0.24609375,-7.712515e-09
0.2470703125,-4.656613e-09
0.248046875,-4.656613e-09
0.2490234375,-8.731149e-09
0.25,-1.280569e-08
0.2509765625,-1.076842e-08
0.251953125,-2.619345e-09
0.2529296875,-2.619345e-09
0.25390625,4.365575e-10
0.2548828125,-4.656613e-09
0.255859375,-4.656613e-09
0.2568359375,-5.675247e-09
0.2578125,-5.675247e-09
0.2587890625,-6.693881e-09
0.259765625,-4.656613e-09
0.2607421875,-7.712515e-09
0.26171875,-1.600711e-09
0.2626953125,-2.619345e-09
0.263671875,-3.637979e-09
0.2646484375,-2.619345e-09
0.265625,-4.656613e-09
0.2666015625,-3.637979e-09
0.267578125,-1.280569e-08
0.2685546875,-5.675247e-09
0.26953125,-6.693881e-09
0.2705078125,-5.820766e-10
0.271484375,-2.619345e-09
0.2724609375,-6.693881e-09
0.2734375,-6.693881e-09
0.2744140625,-3.637979e-09
0.275390625,-4.656613e-09
0.2763671875,-5.675247e-09
0.27734375,-6.693881e-09
0.2783203125,-8.731149e-09
0.279296875,-4.656613e-09
0.2802734375,-2.619345e-09
0.28125,2.473826e-09
0.2822265625,-3.637979e-09
0.283203125,-6.693881e-09
0.2841796875,-8.731149e-09
0.28515625,-8.731149e-09
0.2861328125,-9.749783e-09
0.287109375,-7.712515e-09
0.2880859375,-8.731149e-09
0.2890625,-1.600711e-09
0.2900390625,-2.619345e-09
0.291015625,4.365575e-10
0.2919921875,-2.619345e-09
0.29296875,-4.656613e-09
0.2939453125,-5.675247e-09
0.294921875,-6.693881e-09
0.2958984375,-6.693881e-09
0.296875,-6.693881e-09
0.2978515625,-6.693881e-09
0.298828125,-6.693881e-09
0.2998046875,-9.749783e-09
0.30078125,-9.749783e-09
0.3017578125,-5.675247e-09
0.302734375,-6.693881e-09
0.3037109375,-1.076842e-08
0.3046875,-1.076842e-08
0.3056640625,-7.712515e-09
0.306640625,-7.712515e-09
0.3076171875,4.365575e-10
0.30859375,4.365575e-10
0.3095703125,-3.637979e-09
0.310546875,-4.656613e-09
0.3115234375,-3.637979e-09
0.3125,-5.675247e-09
0.3134765625,-1.076842e-08
0.314453125,-5.820766e-10
0.3154296875,-7.712515e-09
0.31640625,-4.656613e-09
0.3173828125,-5.820766e-10
0.318359375,-1.600711e-09
0.3193359375,-6.693881e-09
0.3203125,-2.619345e-09
0.3212890625,-4.656613e-09
0.322265625,-8.731149e-09
0.3232421875,-7.712515e-09
0.32421875,-5.675247e-09
0.3251953125,-7.712515e-09
0.326171875,-3.637979e-09
0.3271484375,-6.693881e-09
0.328125,-7.712515e-09
0.3291015625,-9.749783e-09
0.330078125,-6.693881e-09
0.3310546875,-6.693881e-09
0.33203125,-5.675247e-09
0.3330078125,-1.076842e-08
0.333984375,-6.693881e-09
0.3349609375,-5.820766e-10
0.3359375,-2.619345e-09
0.3369140625,2.473826e-09
0.337890625,-6.693881e-09
0.3388671875,-8.731149e-09
0.33984375,-3.637979e-09
0.3408203125,-5.675247e-09
0.341796875,-9.749783e-09
0.3427734375,-1.382432e-08
0.34375,-2.619345e-09
0.3447265625,-4.656613e-09
0.345703125,1.455192e-09
0.3466796875,4.365575e-10
0.34765625,-3.637979e-09
0.3486328125,-8.731149e-09
0.349609375,-4.656613e-09
0.3505859375,-8.731149e-09
0.3515625,-5.675247e-09
0.3525390625,-8.731149e-09
0.353515625,-5.675247e-09
0.3544921875,-4.656613e-09
0.35546875,-3.637979e-09
0.3564453125,-9.749783e-09
0.357421875,-6.693881e-09
0.3583984375,-6.693881e-09
0.359375,-8.731149e-09
0.3603515625,-8.731149e-09
0.361328125,-4.656613e-09
0.3623046875,-3.637979e-09
0.36328125,-1.600711e-09
0.3642578125,-4.656613e-09
0.365234375,-4.656613e-09
0.3662109375,-5.675247e-09
0.3671875,-5.675247e-09
0.3681640625,-9.749783e-09
0.369140625,-3.637979e-09
0.3701171875,-4.656613e-09
0.37109375,-4.656613e-09
0.3720703125,-6.693881e-09
0.373046875,-3.637979e-09
0.3740234375,-1.600711e-09
0.375,-4.656613e-09
0.3759765625,-2.619345e-09
0.376953125,-5.675247e-09
0.3779296875,-6.693881e-09
0.37890625,-8.731149e-09
0.3798828125,-4.656613e-09
0.380859375,-4.656613e-09
0.3818359375,-5.675247e-09
0.3828125,-9.749783e-09
0.3837890625,-6.693881e-09
0.384765625,-6.693881e-09
0.3857421875,-7.712515e-09
0.38671875,-6.693881e-09
0.3876953125,-5.675247e-09
0.388671875,-5.675247e-09
0.3896484375,-4.656613e-09
0.390625,-2.619345e-09
0.3916015625,-1.600711e-09
0.392578125,-2.619345e-09
0.3935546875,-1.600711e-09
0.39453125,-7.712515e-09
0.3955078125,-6.693881e-09
0.396484375,-6.693881e-09
0.3974609375,-6.693881e-09
0.3984375,-5.675247e-09
0.3994140625,-5.675247e-09
0.400390625,-2.619345e-09
0.4013671875,4.365575e-10
0.40234375,-2.619345e-09
0.4033203125,-2.619345e-09
0.404296875,-8.731149e-09
0.4052734375,-6.693881e-09
0.40625,-4.656613e-09
0.4072265625,-5.820766e-10
0.408203125,-2.619345e-09
0.4091796875,-5.675247e-09
0.41015625,-4.656613e-09
0.4111328125,-6.693881e-09
0.412109375,-6.693881e-09
0.4130859375,-5.675247e-09
0.4140625,-6.693881e-09
0.4150390625,-6.693881e-09
0.416015625,-2.619345e-09
0.4169921875,-4.656613e-09
0.41796875,-1.600711e-09
0.4189453125,-1.600711e-09
0.419921875,-1.600711e-09
0.4208984375,-6.693881e-09
0.421875,-1.600711e-09
0.4228515625,-6.693881e-09
0.423828125,-2.619345e-09
0.4248046875,-9.749783e-09
0.42578125,-3.637979e-09
0.4267578125,-4.656613e-09
0.427734375,-5.820766e-10
0.4287109375,-3.637979e-09
0.4296875,-7.712515e-09
0.4306640625,-6.693881e-09
0.431640625,-7.712515e-09
0.4326171875,-9.749783e-09
0.43359375,-9.749783e-09
0.4345703125,-6.693881e-09
0.435546875,-1.600711e-09
0.4365234375,-2.619345e-09
0.4375,-3.637979e-09
0.4384765625,-6.693881e-09
0.439453125,-5.675247e-09
0.4404296875,-5.675247e-09
0.44140625,-4.656613e-09
0.4423828125,-6.693881e-09
0.443359375,-8.731149e-09
0.4443359375,-3.637979e-09
0.4453125,-4.656613e-09
0.4462890625,2.473826e-09
0.447265625,1.455192e-09
0.4482421875,-3.637979e-09
0.44921875,-3.637979e-09
0.4501953125,-4.656613e-09
0.451171875,-6.693881e-09
0.4521484375,-8.731149e-09
0.453125,-9.749783e-09
0.4541015625,-3.637979e-09
0.455078125,-4.656613e-09
0.4560546875,-2.619345e-09
0.45703125,-3.637979e-09
0.4580078125,-6.693881e-09
0.458984375,-4.656613e-09
0.4599609375,-6.693881e-09
0.4609375,-6.693881e-09
0.4619140625,-4.656613e-09
0.462890625,-5.820766e-10
0.4638671875,-2.619345e-09
0.46484375,-8.731149e-09
0.4658203125,-1.076842e-08
0.466796875,-7.712515e-09
0.4677734375,-8.731149e-09
0.46875,-5.675247e-09
0.4697265625,-4.656613e-09
0.470703125,-4.656613e-09
0.4716796875,-4.656613e-09
0.47265625,-3.637979e-09
0.4736328125,1.455192e-09
0.474609375,-1.600711e-09
0.4755859375,-3.637979e-09
0.4765625,-2.619345e-09
0.4775390625,-6.693881e-09
0.478515625,-8.731149e-09
0.4794921875,-2.619345e-09
0.48046875,-4.656613e-09
0.4814453125,4.365575e-10
0.482421875,-2.619345e-09
0.4833984375,-4.656613e-09
0.484375,-1.600711e-09
0.4853515625,-3.637979e-09
0.486328125,4.365575e-10
0.4873046875,-9.749783e-09
0.48828125,-7.712515e-09
0.4892578125,-9.749783e-09
0.490234375,-5.675247e-09
0.4912109375,-3.637979e-09
0.4921875,-6.693881e-09
0.4931640625,-4.656613e-09
0.494140625,-6.693881e-09
0.4951171875,-4.656613e-09
0.49609375,-3.637979e-09
0.4970703125,-9.749783e-09
0.498046875,-1.076842e-08
0.4990234375,-4.656613e-09
0.5,-9.749783e-09
0.5009765625,-2.619345e-09
0.501953125,-1.600711e-09
0.5029296875,-7.712515e-09
0.50390625,-4.656613e-09
0.5048828125,-8.731149e-09
0.505859375,-6.693881e-09
0.5068359375,-8.731149e-09
0.5078125,-7.712515e-09
0.5087890625,-5.675247e-09
0.509765625,-6.693881e-09
0.5107421875,3.49246e-09
0.51171875,-4.656613e-09
0.5126953125,1.455192e-09
0.513671875,-6.693881e-09
0.5146484375,-7.712515e-09
0.515625,-9.749783e-09
0.5166015625,-3.637979e-09
0.517578125,-4.656613e-09
0.5185546875,-1.600711e-09
0.51953125,-1.600711e-09
0.5205078125,-3.637979e-09
0.521484375,-6.693881e-09
0.5224609375,-5.675247e-09
0.5234375,-6.693881e-09
0.5244140625,-9.749783e-09
0.525390625,-5.675247e-09
0.5263671875,-4.656613e-09
0.52734375,-2.619345e-09
0.5283203125,-1.600711e-09
0.529296875,-5.820766e-10
0.5302734375,-5.820766e-10
0.53125,-5.675247e-09
0.5322265625,-5.675247e-09
0.533203125,-5.675247e-09
0.5341796875,-6.693881e-09
0.53515625,-6.693881e-09
0.5361328125,-2.619345e-09
0.537109375,-2.619345e-09
0.5380859375,-3.637979e-09
0.5390625,1.455192e-09
0.5400390625,2.473826e-09
0.541015625,-3.637979e-09
0.5419921875,-5.675247e-09
0.54296875,-8.731149e-09
0.5439453125,-4.656613e-09
0.544921875,-3.637979e-09
0.5458984375,-1.600711e-09
0.546875,-4.656613e-09
0.5478515625,-5.820766e-10
0.548828125,-5.675247e-09
0.5498046875,-7.712515e-09
0.55078125,-1.600711e-09
0.5517578125,-5.675247e-09
0.552734375,-9.749783e-09
0.5537109375,-7.712515e-09
0.5546875,-5.675247e-09
0.5556640625,-4.656613e-09
0.556640625,-1.600711e-09
0.5576171875,4.365575e-10
0.55859375,-6.693881e-09
0.5595703125,-8.731149e-09
0.560546875,-8.731149e-09
0.5615234375,-6.693881e-09
0.5625,-7.712515e-09
0.5634765625,4.365575e-10
0.564453125,-4.656613e-09
0.5654296875,1.455192e-09
0.56640625,3.49246e-09
0.5673828125,-7.712515e-09
0.568359375,-4.656613e-09
0.5693359375,-7.712515e-09
0.5703125,-8.731149e-09
0.5712890625,-7.712515e-09
0.572265625,-5.675247e-09
0.5732421875,-5.820766e-10
0.57421875,-5.675247e-09
0.5751953125,-9.749783e-09
0.576171875,4.365575e-10
0.5771484375,-4.656613e-09
0.578125,-7.712515e-09
0.5791015625,-4.656613e-09
0.580078125,-8.731149e-09
0.5810546875,-1.382432e-08
0.58203125,-4.656613e-09
0.5830078125,-3.637979e-09
0.583984375,2.473826e-09
0.5849609375,-2.619345e-09
0.5859375,-4.656613e-09
0.5869140625,-3.637979e-09
0.587890625,-4.656613e-09
0.5888671875,-3.637979e-09
0.58984375,-8.731149e-09
0.5908203125,-8.731149e-09
0.591796875,-2.619345e-09
0.5927734375,-5.820766e-10
0.59375,4.365575e-10
0.5947265625,-1.600711e-09
0.595703125,-5.675247e-09
0.5966796875,-5.675247e-09
0.59765625,-8.731149e-09
0.5986328125,-5.675247e-09
0.599609375,-1.600711e-09
0.6005859375,-6.693881e-09
0.6015625,-3.637979e-09
0.6025390625,-4.656613e-09
0.603515625,-5.675247e-09
0.6044921875,-3.637979e-09
0.60546875,-8.731149e-09
0.6064453125,-4.656613e-09
0.607421875,-7.712515e-09
0.6083984375,-1.178705e-08
0.609375,-2.619345e-09
0.6103515625,-1.600711e-09
0.611328125,-5.820766e-10
0.6123046875,-1.600711e-09
0.61328125,-4.656613e-09
0.6142578125,-1.280569e-08
0.615234375,-8.731149e-09
0.6162109375,-9.749783e-09
0.6171875,-7.712515e-09
0.6181640625,-5.675247e-09
0.619140625,-3.637979e-09
0.6201171875,-5.675247e-09
0.62109375,-5.820766e-10
0.6220703125,4.365575e-10
0.623046875,-6.693881e-09
0.6240234375,-8.731149e-09
0.625,-4.656613e-09
0.6259765625,-8.731149e-09
0.626953125,4.365575e-10
0.6279296875,-1.600711e-09
0.62890625,-4.656613e-09
0.6298828125,-5.675247e-09
0.630859375,-3.637979e-09
0.6318359375,-3.637979e-09
0.6328125,-4.656613e-09
0.6337890625,-9.749783e-09
0.634765625,-1.076842e-08
0.6357421875,-3.637979e-09
0.63671875,-5.675247e-09
0.6376953125,-1.600711e-09
0.638671875,-5.820766e-10
0.6396484375,-3.637979e-09
0.640625,-3.637979e-09
0.6416015625,-4.656613e-09
0.642578125,-4.656613e-09
0.6435546875,-9.749783e-09
0.64453125,-5.675247e-09
0.6455078125,-4.656613e-09
0.646484375,-1.600711e-09
0.6474609375,-1.600711e-09
0.6484375,4.365575e-10
0.6494140625,-4.656613e-09
0.650390625,-7.712515e-09
0.6513671875,-3.637979e-09
0.65234375,-4.656613e-09
0.6533203125,-6.693881e-09
0.654296875,-5.675247e-09
0.6552734375,-1.600711e-09
0.65625,-1.600711e-09
0.6572265625,-7.712515e-09
0.658203125,-6.693881e-09
0.6591796875,-7.712515e-09
0.66015625,-6.693881e-09
0.6611328125,-7.712515e-09
0.662109375,-1.076842e-08
0.6630859375,-3.637979e-09
0.6640625,-3.637979e-09
0.6650390625,-5.675247e-09
0.666015625,-1.600711e-09
0.6669921875,1.455192e-09
0.66796875,-4.656613e-09
0.6689453125,-9.749783e-09
0.669921875,-6.693881e-09
0.6708984375,-6.693881e-09
0.671875,-7.712515e-09
0.6728515625,-7.712515e-09
0.673828125,-2.619345e-09
0.6748046875,1.455192e-09
0.67578125,4.365575e-10
0.6767578125,1.455192e-09
0.677734375,-3.637979e-09
0.6787109375,-2.619345e-09
0.6796875,-1.076842e-08
0.6806640625,-7.712515e-09
0.681640625,-3.637979e-09
0.6826171875,-3.637979e-09
0.68359375,-9.749783e-09
0.6845703125,-4.656613e-09
0.685546875,-5.820766e-10
0.6865234375,-8.731149e-09
0.6875,-6.693881e-09
0.6884765625,-8.731149e-09
0.689453125,-9.749783e-09
0.6904296875,-6.693881e-09
0.69140625,-5.675247e-09
0.6923828125,-4.656613e-09
0.693359375,-5.820766e-10
0.6943359375,2.473826e-09
0.6953125,-4.656613e-09
0.6962890625,-3.637979e-09
0.697265625,-3.637979e-09
0.6982421875,-6.693881e-09
0.69921875,-6.693881e-09
0.7001953125,-6.693881e-09
0.701171875,-5.820766e-10
0.7021484375,-2.619345e-09
0.703125,-3.637979e-09
0.7041015625,-1.600711e-09
0.705078125,-5.820766e-10
0.7060546875,-7.712515e-09
0.70703125,-8.731149e-09
0.7080078125,-9.749783e-09
0.708984375,-4.656613e-09
0.7099609375,-5.675247e-09
0.7109375,-2.619345e-09
0.7119140625,-5.675247e-09
0.712890625,-7.712515e-09
0.7138671875,-1.076842e-08
0.71484375,-7.712515e-09
0.7158203125,-7.712515e-09
0.716796875,-5.675247e-09
0.7177734375,-7.712515e-09
0.71875,-5.820766e-10
0.7197265625,-4.656613e-09
0.720703125,-2.619345e-09
0.7216796875,-4.656613e-09
0.72265625,-1.600711e-09
0.7236328125,-8.731149e-09
0.724609375,-5.675247e-09
0.7255859375,-5.675247e-09
0.7265625,-5.675247e-09
0.7275390625,-4.656613e-09
0.728515625,-2.619345e-09
0.7294921875,-5.820766e-10
0.73046875,-1.600711e-09
0.7314453125,-2.619345e-09
0.732421875,-3.637979e-09
0.7333984375,-5.675247e-09
0.734375,-2.619345e-09
0.7353515625,-1.076842e-08
0.736328125,-4.656613e-09
0.7373046875,-3.637979e-09
0.73828125,-3.637979e-09
0.7392578125,-7.712515e-09
0.740234375,-9.749783e-09
0.7412109375,-6.693881e-09
0.7421875,-3.637979e-09
0.7431640625,-4.656613e-09
0.744140625,-6.693881e-09
0.7451171875,-4.656613e-09
0.74609375,-4.656613e-09
0.7470703125,-4.656613e-09
0.748046875,4.365575e-10
0.7490234375,-2.619345e-09
0.75,-3.637979e-09
0.7509765625,-5.675247e-09
0.751953125,-8.731149e-09
0.7529296875,-7.712515e-09
0.75390625,-2.619345e-09
0.7548828125,-7.712515e-09
0.755859375,-6.693881e-09
0.7568359375,-6.693881e-09
0.7578125,-1.600711e-09
0.7587890625,-3.637979e-09
0.759765625,-3.637979e-09
0.7607421875,-3.637979e-09
0.76171875,-6.693881e-09
0.7626953125,-1.178705e-08
0.763671875,-9.749783e-09
0.7646484375,-6.693881e-09
0.765625,-1.600711e-09
0.7666015625,-4.656613e-09
0.767578125,-7.712515e-09
0.7685546875,-8.731149e-09
0.76953125,-8.731149e-09
0.7705078125,-3.637979e-09
0.771484375,-7.712515e-09
0.7724609375,-8.731149e-09
0.7734375,-4.656613e-09
0.7744140625,-5.675247e-09
0.775390625,-3.637979e-09
0.7763671875,-5.820766e-10
0.77734375,-2.619345e-09
0.7783203125,-4.656613e-09
0.779296875,-6.693881e-09
0.7802734375,-7.712515e-09
0.78125,-6.693881e-09
0.7822265625,-8.731149e-09
0.783203125,-7.712515e-09
0.7841796875,-5.675247e-09
0.78515625,-2.619345e-09
0.7861328125,-5.820766e-10
0.787109375,-1.600711e-09
0.7880859375,-3.637979e-09
0.7890625,-4.656613e-09
0.7900390625,-2.619345e-09
0.791015625,-6.693881e-09
0.7919921875,-5.675247e-09
0.79296875,-8.731149e-09
0.7939453125,-3.637979e-09
0.794921875,-3.637979e-09
0.7958984375,-5.675247e-09
0.796875,-4.656613e-09
0.7978515625,-2.619345e-09
0.798828125,-5.675247e-09
0.7998046875,-9.749783e-09
0.80078125,-1.280569e-08
0.8017578125,-5.675247e-09
0.802734375,-2.619345e-09
0.8037109375,-3.637979e-09
0.8046875,-1.600711e-09
0.8056640625,-3.637979e-09
0.806640625,-8.731149e-09
0.8076171875,-1.076842e-08
0.80859375,-5.675247e-09
0.8095703125,-7.712515e-09
0.810546875,-5.675247e-09
0.8115234375,-4.656613e-09
0.8125,-2.619345e-09
0.8134765625,5.529728e-09
0.814453125,-5.820766e-10
0.8154296875,1.455192e-09
0.81640625,-4.656613e-09
0.8173828125,-6.693881e-09
0.818359375,-8.731149e-09
0.8193359375,-5.675247e-09
0.8203125,-7.712515e-09
0.8212890625,4.365575e-10
0.822265625,-4.656613e-09
0.8232421875,-5.675247e-09
0.82421875,-5.675247e-09
0.8251953125,-5.675247e-09
0.826171875,-5.675247e-09
0.8271484375,-4.656613e-09
0.828125,-8.731149e-09
0.8291015625,-3.637979e-09
0.830078125,-1.600711e-09
0.8310546875,2.473826e-09
0.83203125,-3.637979e-09
0.8330078125,-5.820766e-10
0.833984375,-7.712515e-09
0.8349609375,-7.712515e-09
0.8359375,-7.712515e-09
0.8369140625,-7.712515e-09
0.837890625,-9.749783e-09
0.8388671875,-3.637979e-09
0.83984375,-3.637979e-09
0.8408203125,-3.637979e-09
0.841796875,-1.600711e-09
0.8427734375,4.365575e-10
0.84375,-6.693881e-09
0.8447265625,-2.619345e-09
0.845703125,-5.675247e-09
0.8466796875,-4.656613e-09
0.84765625,-5.675247e-09
0.8486328125,-5.820766e-10
0.849609375,-7.712515e-09
0.8505859375,-4.656613e-09
0.8515625,-4.656613e-09
0.8525390625,-6.693881e-09
0.853515625,-4.656613e-09
0.8544921875,-8.731149e-09
0.85546875,-6.693881e-09
0.8564453125,-2.619345e-09
0.857421875,-1.600711e-09
0.8583984375,-5.675247e-09
0.859375,1.455192e-09
0.8603515625,-2.619345e-09
0.861328125,-2.619345e-09
0.8623046875,-5.675247e-09
0.86328125,-6.693881e-09
0.8642578125,-5.675247e-09
0.865234375,-3.637979e-09
0.8662109375,-6.693881e-09
0.8671875,-2.619345e-09
0.8681640625,-1.600711e-09
0.869140625,-1.600711e-09
0.8701171875,-4.656613e-09
0.87109375,-4.656613e-09
0.8720703125,-6.693881e-09
0.873046875,-6.693881e-09
0.8740234375,-6.693881e-09
0.875,-3.637979e-09
0.8759765625,-1.600711e-09
0.876953125,4.365575e-10
0.8779296875,-5.675247e-09
0.87890625,-1.178705e-08
0.8798828125,-7.712515e-09
0.880859375,-8.731149e-09
0.8818359375,-6.693881e-09
0.8828125,-8.731149e-09
0.8837890625,-8.731149e-09
0.884765625,-2.619345e-09
0.8857421875,-1.600711e-09
0.88671875,-1.600711e-09
0.8876953125,-6.693881e-09
0.888671875,-6.693881e-09
0.8896484375,-8.731149e-09
0.890625,-9.749783e-09
0.8916015625,-6.693881e-09
0.892578125,-5.675247e-09
0.8935546875,-3.637979e-09
0.89453125,4.365575e-10
0.8955078125,4.365575e-10
0.896484375,-2.619345e-09
0.8974609375,1.455192e-09
0.8984375,-6.693881e-09
0.8994140625,-1.178705e-08
0.900390625,-3.637979e-09
0.9013671875,-9.749783e-09
0.90234375,-6.693881e-09
0.9033203125,-3.637979e-09
0.904296875,-5.675247e-09
0.9052734375,-1.178705e-08
0.90625,-7.712515e-09
0.9072265625,-1.600711e-09
0.908203125,-7.712515e-09
0.9091796875,-4.656613e-09
0.91015625,-8.731149e-09
0.9111328125,-7.712515e-09
0.912109375,-3.637979e-09
0.9130859375,-1.600711e-09
0.9140625,2.473826e-09
0.9150390625,4.365575e-10
0.916015625,-6.693881e-09
0.9169921875,-7.712515e-09
0.91796875,-8.731149e-09
0.9189453125,-6.693881e-09
0.919921875,-5.675247e-09
0.9208984375,-4.656613e-09
0.921875,-5.820766e-10
0.9228515625,-2.619345e-09
0.923828125,-1.600711e-09
0.9248046875,-3.637979e-09
0.92578125,-3.637979e-09
0.9267578125,-1.600711e-09
0.927734375,-4.656613e-09
0.9287109375,-7.712515e-09
0.9296875,-6.693881e-09
0.9306640625,-5.675247e-09
0.931640625,-1.600711e-09
0.9326171875,-3.637979e-09
0.93359375,-5.675247e-09
0.9345703125,-5.675247e-09
0.935546875,-4.656613e-09
0.9365234375,-2.619345e-09
0.9375,-9.749783e-09
0.9384765625,-8.731149e-09
0.939453125,-5.675247e-09
0.9404296875,-4.656613e-09
0.94140625,-5.820766e-10
0.9423828125,-4.656613e-09
0.943359375,-6.693881e-09
0.9443359375,-3.637979e-09
0.9453125,-6.693881e-09
0.9462890625,-6.693881e-09
0.947265625,-7.712515e-09
0.9482421875,-1.600711e-09
0.94921875,-4.656613e-09
0.9501953125,-5.820766e-10
0.951171875,-2.619345e-09
0.9521484375,-2.619345e-09
0.953125,-4.656613e-09
0.9541015625,-8.731149e-09
0.955078125,-8.731149e-09
0.9560546875,-7.712515e-09
0.95703125,-2.619345e-09
0.9580078125,-1.600711e-09
0.958984375,-3.637979e-09
0.9599609375,-6.693881e-09
0.9609375,-6.693881e-09
0.9619140625,-4.656613e-09
0.962890625,-2.619345e-09
0.9638671875,-7.712515e-09
0.96484375,-9.749783e-09
0.9658203125,-9.749783e-09
0.966796875,-6.693881e-09
0.9677734375,-1.600711e-09
0.96875,-2.619345e-09
0.9697265625,-2.619345e-09
0.970703125,-5.675247e-09
0.9716796875,-1.600711e-09
0.97265625,-1.600711e-09
0.9736328125,-9.749783e-09
0.974609375,-7.712515e-09
0.9755859375,-7.712515e-09
0.9765625,-4.656613e-09
0.9775390625,1.455192e-09
0.978515625,-5.820766e-10
0.9794921875,-2.619345e-09
0.98046875,-5.820766e-10
0.9814453125,-3.637979e-09
0.982421875,-1.280569e-08
0.9833984375,-7.712515e-09
0.984375,-6.693881e-09
0.9853515625,-7.712515e-09
0.986328125,-3.637979e-09
0.9873046875,-1.600711e-09
0.98828125,-4.656613e-09
0.9892578125,-9.749783e-09
0.990234375,-7.712515e-09
0.9912109375,-5.675247e-09
0.9921875,-2.619345e-09
0.9931640625,-1.178705e-08
0.994140625,-6.693881e-09
0.9951171875,-2.619345e-09
0.99609375,-5.675247e-09
0.9970703125,3.49246e-09
0.998046875,-3.637979e-09
0.9990234375,-2.619345e-09
1.0,-5.675247e-09
1.0009765625,-7.712515e-09
1.001953125,-2.619345e-09
1.0029296875,-6.693881e-09
1.00390625,-4.656613e-09
1.0048828125,1.455192e-09
1.005859375,-3.637979e-09
1.0068359375,1.455192e-09
1.0078125,-5.675247e-09
1.0087890625,-3.637979e-09
1.009765625,-9.749783e-09
1.0107421875,-9.749783e-09
1.01171875,-7.712515e-09
1.0126953125,-5.675247e-09
1.013671875,-4.656613e-09
1.0146484375,-6.693881e-09
1.015625,-6.693881e-09
1.0166015625,-5.675247e-09
1.017578125,-6.693881e-09
1.0185546875,-7.712515e-09
1.01953125,-8.731149e-09
1.0205078125,-6.693881e-09
1.021484375,-5.675247e-09
1.0224609375,-3.637979e-09
1.0234375,2.473826e-09
1.0244140625,-5.820766e-10
1.025390625,-3.637979e-09
1.0263671875,-8.731149e-09
1.02734375,-6.693881e-09
1.0283203125,-6.693881e-09
1.029296875,-9.749783e-09
1.0302734375,-5.675247e-09
1.03125,-3.637979e-09
1.0322265625,-4.656613e-09
1.033203125,4.365575e-10
1.0341796875,2.473826e-09
1.03515625,-5.820766e-10
1.0361328125,-4.656613e-09
1.037109375,-1.076842e-08
1.0380859375,-1.076842e-08
1.0390625,-9.749783e-09
1.0400390625,-3.637979e-09
1.041015625,-2.619345e-09
1.0419921875,-6.693881e-09
1.04296875,-6.693881e-09
1.0439453125,-9.749783e-09
1.044921875,-1.600711e-09
1.0458984375,-3.637979e-09
1.046875,-8.731149e-09
1.0478515625,-3.637979e-09
1.048828125,-1.600711e-09
1.0498046875,-5.820766e-10
1.05078125,-3.637979e-09
1.0517578125,3.49246e-09
1.052734375,-4.656613e-09
1.0537109375,-5.675247e-09
1.0546875,-3.637979e-09
1.0556640625,-7.712515e-09
1.056640625,-3.637979e-09
1.0576171875,-6.693881e-09
1.05859375,-7.712515e-09
1.0595703125,-5.675247e-09
1.060546875,1.455192e-09
1.0615234375,1.455192e-09
1.0625,-1.600711e-09
1.0634765625,-3.637979e-09
1.064453125,-5.675247e-09
1.0654296875,-5.675247e-09
1.06640625,-7.712515e-09
1.0673828125,-4.656613e-09
1.068359375,-6.693881e-09
1.0693359375,-6.693881e-09
1.0703125,-7.712515e-09
1.0712890625,-4.656613e-09
1.072265625,-2.619345e-09
1.0732421875,-4.656613e-09
1.07421875,-6.693881e-09
1.0751953125,-6.693881e-09
1.076171875,-7.712515e-09
1.0771484375,-2.619345e-09
1.078125,-1.600711e-09
1.0791015625,-3.637979e-09
1.080078125,-3.637979e-09
1.0810546875,-6.693881e-09
1.08203125,-1.600711e-09
1.0830078125,-6.693881e-09
1.083984375,-6.693881e-09
1.0849609375,-7.712515e-09
1.0859375,-4.656613e-09
1.0869140625,-5.820766e-10
1.087890625,-3.637979e-09
1.0888671875,-5.820766e-10
1.08984375,1.455192e-09
1.0908203125,-2.619345e-09
1.091796875,-8.731149e-09
1.0927734375,-6.693881e-09
1.09375,-4.656613e-09
1.0947265625,-5.820766e-10
1.095703125,-1.600711e-09
1.0966796875,-6.693881e-09
1.09765625,-1.076842e-08
1.0986328125,-7.712515e-09
1.099609375,-8.731149e-09
1.1005859375,-5.675247e-09
1.1015625,-5.675247e-09
1.1025390625,-1.076842e-08
1.103515625,-7.712515e-09
1.1044921875,-4.656613e-09
1.10546875,-5.820766e-10
1.1064453125,-2.619345e-09
1.107421875,4.365575e-10
1.1083984375,-2.619345e-09
1.109375,-5.675247e-09
1.1103515625,-7.712515e-09
1.111328125,-7.712515e-09
1.1123046875,-1.076842e-08
1.11328125,-7.712515e-09
1.1142578125,-4.656613e-09
1.115234375,4.365575e-10
1.1162109375,-1.600711e-09
1.1171875,-3.637979e-09
1.1181640625,-1.600711e-09
1.119140625,-4.656613e-09
1.1201171875,-9.749783e-09
1.12109375,-8.731149e-09
1.1220703125,-3.637979e-09
1.123046875,-2.619345e-09
1.1240234375,-7.712515e-09
1.125,-6.693881e-09
1.1259765625,-4.656613e-09
1.126953125,-9.749783e-09
1.1279296875,-7.712515e-09
1.12890625,-8.731149e-09
1.1298828125,-8.731149e-09
1.130859375,-8.731149e-09
1.1318359375,-6.693881e-09
1.1328125,-1.600711e-09
1.1337890625,4.365575e-10
1.134765625,-1.600711e-09
1.1357421875,-3.637979e-09
1.13671875,-6.693881e-09
1.1376953125,-4.656613e-09
1.138671875,-6.693881e-09
1.1396484375,-6.693881e-09
1.140625,-7.712515e-09
1.1416015625,-6.693881e-09
1.142578125,-1.600711e-09
1.1435546875,-7.712515e-09
1.14453125,-1.600711e-09
1.1455078125,-5.675247e-09
1.146484375,-6.693881e-09
1.1474609375,-7.712515e-09
1.1484375,-6.693881e-09
1.1494140625,-8.731149e-09
1.150390625,-6.693881e-09
1.1513671875,-4.656613e-09
1.15234375,-4.656613e-09
1.1533203125,-1.178705e-08
1.154296875,-2.619345e-09
1.1552734375,-5.675247e-09
1.15625,-5.675247e-09
1.1572265625,-6.693881e-09
1.158203125,-4.656613e-09
1.1591796875,-7.712515e-09
1.16015625,-3.637979e-09
1.1611328125,-5.675247e-09
1.162109375,-4.656613e-09
1.1630859375,-4.656613e-09
1.1640625,-4.656613e-09
1.1650390625,-6.693881e-09
1.166015625,-6.693881e-09
1.1669921875,-1.076842e-08
1.16796875,-9.749783e-09
1.1689453125,-1.600711e-09
1.169921875,-6.693881e-09
1.1708984375,1.455192e-09
1.171875,-2.619345e-09
1.1728515625,-5.820766e-10
1.173828125,-1.600711e-09
1.1748046875,-6.693881e-09
1.17578125,-4.656613e-09
1.1767578125,-5.675247e-09
1.177734375,-2.619345e-09
1.1787109375,-4.656613e-09
1.1796875,-1.600711e-09
1.1806640625,-7.712515e-09
1.181640625,-4.656613e-09
1.1826171875,-2.619345e-09
1.18359375,-2.619345e-09
1.1845703125,-7.712515e-09
1.185546875,-6.693881e-09
1.1865234375,-4.656613e-09
1.1875,-1.600711e-09
1.1884765625,-1.600711e-09
1.189453125,-4.656613e-09
1.1904296875,-3.637979e-09
1.19140625,-4.656613e-09
1.1923828125,-3.637979e-09
1.193359375,-6.693881e-09
1.1943359375,-6.693881e-09
1.1953125,-8.731149e-09
1.1962890625,-5.820766e-10
1.197265625,-2.619345e-09
1.1982421875,-1.600711e-09
1.19921875,4.365575e-10
1.2001953125,-3.637979e-09
1.201171875,-6.693881e-09
1.2021484375,-5.675247e-09
1.203125,-8.731149e-09
1.2041015625,-1.178705e-08
1.205078125,-1.600711e-09
1.2060546875,-1.600711e-09
1.20703125,-6.693881e-09
1.2080078125,-4.656613e-09
1.208984375,-6.693881e-09
1.2099609375,-4.656613e-09
1.2109375,-1.178705e-08
1.2119140625,-5.675247e-09
1.212890625,-7.712515e-09
1.2138671875,-9.749783e-09
1.21484375,-4.656613e-09
1.2158203125,-5.820766e-10
1.216796875,-5.820766e-10
1.2177734375,-2.619345e-09
1.21875,-8.731149e-09
1.2197265625,-4.656613e-09
1.220703125,-6.693881e-09
1.2216796875,-6.693881e-09
1.22265625,-6.693881e-09
1.2236328125,-7.712515e-09
1.224609375,-1.600711e-09
1.2255859375,-5.675247e-09
1.2265625,-5.820766e-10
1.2275390625,-3.637979e-09
1.228515625,-1.600711e-09
1.2294921875,-5.675247e-09
1.23046875,-7.712515e-09
1.2314453125,-4.656613e-09
1.232421875,-6.693881e-09
1.2333984375,-2.619345e-09
1.234375,-4.656613e-09
1.2353515625,-5.675247e-09
1.236328125,-6.693881e-09
1.2373046875,-8.731149e-09
1.23828125,-2.619345e-09
1.2392578125,-1.076842e-08
1.240234375,-8.731149e-09
1.2412109375,-5.675247e-09
1.2421875,-1.600711e-09
1.2431640625,-1.600711e-09
1.244140625,-2.619345e-09
1.2451171875,-2.619345e-09
1.24609375,-4.656613e-09
1.2470703125,-7.712515e-09
1.248046875,-9.749783e-09
1.2490234375,-4.656613e-09
1.25,-9.749783e-09
1.2509765625,-2.619345e-09
1.251953125,-1.600711e-09
1.2529296875,-2.619345e-09
1.25390625,4.365575e-10
1.2548828125,-5.675247e-09
1.255859375,-5.675247e-09
1.2568359375,-8.731149e-09
1.2578125,-7.712515e-09
1.2587890625,-4.656613e-09
1.259765625,-1.600711e-09
1.2607421875,-1.600711e-09
1.26171875,-6.693881e-09
1.2626953125,-5.675247e-09
1.263671875,-1.076842e-08
1.2646484375,-4.656613e-09
1.265625,-2.619345e-09
1.2666015625,-6.693881e-09
1.267578125,-9.749783e-09
1.2685546875,-9.749783e-09
1.26953125,-7.712515e-09
1.2705078125,-3.637979e-09
1.271484375,-1.600711e-09
1.2724609375,2.473826e-09
1.2734375,1.455192e-09
1.2744140625,-7.712515e-09
1.275390625,-1.076842e-08
1.2763671875,-8.731149e-09
1.27734375,4.365575e-10
1.2783203125,-6.693881e-09
1.279296875,-4.656613e-09
1.2802734375,-4.656613e-09
1.28125,-1.600711e-09
1.2822265625,1.455192e-09
1.283203125,-2.619345e-09
1.2841796875,-5.675247e-09
1.28515625,-7.712515e-09
1.2861328125,-1.076842e-08
1.287109375,-4.656613e-09
1.2880859375,-1.600711e-09
1.2890625,-4.656613e-09
1.2900390625,-6.693881e-09
1.291015625,-6.693881e-09
1.2919921875,-7.712515e-09
1.29296875,-4.656613e-09
1.2939453125,-8.731149e-09
1.294921875,-9.749783e-09
1.2958984375,-5.675247e-09
1.296875,-1.382432e-08
1.2978515625,-4.656613e-09
1.298828125,-2.619345e-09
1.2998046875,1.455192e-09
1.30078125,-5.675247e-09
1.3017578125,-4.656613e-09
1.302734375,-4.656613e-09
1.3037109375,-8.731149e-09
1.3046875,-6.693881e-09
1.3056640625,-7.712515e-09
1.306640625,-2.619345e-09
1.3076171875,-3.637979e-09
1.30859375,-5.820766e-10
1.3095703125,4.365575e-10
1.310546875,-2.619345e-09
1.3115234375,-2.619345e-09
1.3125,-1.178705e-08
1.3134765625,-7.712515e-09
1.314453125,-6.693881e-09
1.3154296875,-6.693881e-09
1.31640625,-2.619345e-09
1.3173828125,-4.656613e-09
1.318359375,-5.675247e-09
1.3193359375,4.365575e-10
1.3203125,-3.637979e-09
1.3212890625,-4.656613e-09
1.322265625,-1.076842e-08
1.3232421875,-8.731149e-09
1.32421875,-5.675247e-09
1.3251953125,-2.619345e-09
1.326171875,-4.656613e-09
1.3271484375,-1.600711e-09
1.328125,-3.637979e-09
1.3291015625,-4.656613e-09
1.330078125,-2.619345e-09
1.3310546875,-4.656613e-09
1.33203125,-9.749783e-09
1.3330078125,-8.731149e-09
1.333984375,-7.712515e-09
1.3349609375,-4.656613e-09
1.3359375,-1.600711e-09
1.3369140625,1.455192e-09
1.337890625,-4.656613e-09
1.3388671875,-5.675247e-09
1.33984375,-1.178705e-08
1.3408203125,-8.731149e-09
1.341796875,-7.712515e-09
1.3427734375,-2.619345e-09
1.34375,-2.619345e-09
1.3447265625,-5.675247e-09
1.345703125,-6.693881e-09
1.3466796875,-7.712515e-09
1.34765625,-3.637979e-09
1.3486328125,-8.731149e-09
1.349609375,-8.731149e-09
1.3505859375,-7.712515e-09
1.3515625,-8.731149e-09
1.3525390625,-4.656613e-09
1.353515625,-2.619345e-09
1.3544921875,-1.600711e-09
1.35546875,-3.637979e-09
1.3564453125,-6.693881e-09
1.357421875,-9.749783e-09
1.3583984375,-8.731149e-09
1.359375,-8.731149e-09
1.3603515625,-5.675247e-09
1.361328125,-6.693881e-09
1.3623046875,-1.600711e-09
1.36328125,4.365575e-10
1.3642578125,2.473826e-09
1.365234375,-1.600711e-09
1.3662109375,-3.637979e-09
1.3671875,-1.076842e-08
1.3681640625,-7.712515e-09
1.369140625,-5.675247e-09
1.3701171875,1.455192e-09
1.37109375,-5.675247e-09
1.3720703125,-4.656613e-09
1.373046875,-7.712515e-09
1.3740234375,-6.693881e-09
1.375,-2.619345e-09
1.3759765625,-7.712515e-09
1.376953125,-6.693881e-09
1.3779296875,-7.712515e-09
1.37890625,-7.712515e-09
1.3798828125,-3.637979e-09
1.380859375,-1.600711e-09
1.3818359375,-3.637979e-09
1.3828125,-5.820766e-10
1.3837890625,-1.600711e-09
1.384765625,-3.637979e-09
1.3857421875,-3.637979e-09
1.38671875,-9.749783e-09
1.3876953125,-6.693881e-09
1.388671875,-4.656613e-09
1.3896484375,5.529728e-09
1.390625,-1.600711e-09
1.3916015625,-5.820766e-10
1.392578125,-1.600711e-09
1.3935546875,-3.637979e-09
1.39453125,-9.749783e-09
1.3955078125,-6.693881e-09
1.396484375,-1.076842e-08
1.3974609375,-3.637979e-09
1.3984375,-5.675247e-09
1.3994140625,-5.675247e-09
1.400390625,-1.076842e-08
1.4013671875,-5.675247e-09
1.40234375,-6.693881e-09
1.4033203125,-6.693881e-09
1.404296875,-1.076842e-08
1.4052734375,-5.675247e-09
1.40625,-9.749783e-09
1.4072265625,-2.619345e-09
1.408203125,-1.600711e-09
1.4091796875,-5.820766e-10
1.41015625,-3.637979e-09
1.4111328125,-4.656613e-09
1.412109375,-7.712515e-09
1.4130859375,-5.675247e-09
1.4140625,-1.178705e-08
1.4150390625,-6.693881e-09
1.416015625,-7.712515e-09
1.4169921875,-5.675247e-09
1.41796875,4.365575e-10
1.4189453125,-3.637979e-09
1.419921875,-4.656613e-09
1.4208984375,-5.820766e-10
1.421875,-7.712515e-09
1.4228515625,-5.675247e-09
1.423828125,-7.712515e-09
1.4248046875,-4.656613e-09
1.42578125,-2.619345e-09
1.4267578125,-4.656613e-09
1.427734375,-4.656613e-09
1.4287109375,-2.619345e-09
1.4296875,-5.675247e-09
1.4306640625,-3.637979e-09
1.431640625,-9.749783e-09
1.4326171875,-6.693881e-09
1.43359375,-6.693881e-09
1.4345703125,-4.656613e-09
1.435546875,-2.619345e-09
1.4365234375,-5.820766e-10
1.4375,-5.820766e-10
1.4384765625,-2.619345e-09
1.439453125,-3.637979e-09
1.4404296875,-5.675247e-09
1.44140625,-3.637979e-09
1.4423828125,-9.749783e-09
1.443359375,-3.637979e-09
1.4443359375,-1.600711e-09
1.4453125,-1.600711e-09
1.4462890625,-4.656613e-09
1.447265625,-2.619345e-09
1.4482421875,-3.637979e-09
1.44921875,-3.637979e-09
1.4501953125,-9.749783e-09
1.451171875,-4.656613e-09
1.4521484375,-4.656613e-09
1.453125,-2.619345e-09
1.4541015625,-4.656613e-09
1.455078125,-1.178705e-08
1.4560546875,-5.675247e-09
1.45703125,-8.731149e-09
1.4580078125,-3.637979e-09
1.458984375,-4.656613e-09
1.4599609375,-9.749783e-09
1.4609375,-5.675247e-09
1.4619140625,-7.712515e-09
1.462890625,-5.675247e-09
1.4638671875,-4.656613e-09
1.46484375,-1.600711e-09
1.4658203125,-5.675247e-09
1.466796875,-3.637979e-09
1.4677734375,-6.693881e-09
1.46875,-4.656613e-09
1.4697265625,-5.675247e-09
1.470703125,-2.619345e-09
1.4716796875,-1.600711e-09
1.47265625,-4.656613e-09
1.4736328125,-3.637979e-09
1.474609375,-5.820766e-10
1.4755859375,-2.619345e-09
1.4765625,-1.600711e-09
1.4775390625,-5.675247e-09
1.478515625,-7.712515e-09
1.4794921875,-6.693881e-09
1.48046875,-1.600711e-09
1.4814453125,-5.675247e-09
1.482421875,-3.637979e-09
1.4833984375,-4.656613e-09
1.484375,-8.731149e-09
1.4853515625,-7.712515e-09
1.486328125,-4.656613e-09
1.4873046875,-7.712515e-09
1.48828125,-4.656613e-09
1.4892578125,-7.712515e-09
1.490234375,-3.637979e-09
1.4912109375,2.473826e-09
1.4921875,-2.619345e-09
1.4931640625,-2.619345e-09
1.494140625,-3.637979e-09
1.4951171875,-3.637979e-09
1.49609375,-7.712515e-09
1.4970703125,-8.731149e-09
1.498046875,-8.731149e-09
1.4990234375,-6.693881e-09
1.5,-5.675247e-09
1.5009765625,-1.600711e-09
1.501953125,-2.619345e-09
1.5029296875,-1.600711e-09
1.50390625,-4.656613e-09
1.5048828125,-8.731149e-09
1.505859375,-6.693881e-09
1.5068359375,-1.600711e-09
1.5078125,-4.656613e-09
1.5087890625,-6.693881e-09
1.509765625,-8.731149e-09
1.5107421875,4.365575e-10
1.51171875,-6.693881e-09
1.5126953125,-5.820766e-10
1.513671875,-8.731149e-09
1.5146484375,-8.731149e-09
1.515625,-6.693881e-09
1.5166015625,-6.693881e-09
1.517578125,-1.600711e-09
1.5185546875,-1.600711e-09
1.51953125,-5.820766e-10
1.5205078125,-2.619345e-09
1.521484375,-2.619345e-09
1.5224609375,-6.693881e-09
1.5234375,-4.656613e-09
1.5244140625,-4.656613e-09
1.525390625,-6.693881e-09
1.5263671875,-3.637979e-09
1.52734375,-3.637979e-09
1.5283203125,2.473826e-09
1.529296875,2.473826e-09
1.5302734375,-6.693881e-09
1.53125,-5.675247e-09
1.5322265625,-6.693881e-09
1.533203125,-7.712515e-09
1.5341796875,-8.731149e-09
1.53515625,-2.619345e-09
1.5361328125,-2.619345e-09
1.537109375,-1.600711e-09
1.5380859375,-5.675247e-09
1.5390625,-9.749783e-09
1.5400390625,-2.619345e-09
1.541015625,-5.675247e-09
1.5419921875,-3.637979e-09
1.54296875,-1.178705e-08
1.5439453125,-6.693881e-09
1.544921875,-1.600711e-09
1.5458984375,4.365575e-10
1.546875,-3.637979e-09
1.5478515625,-2.619345e-09
1.548828125,-6.693881e-09
1.5498046875,-5.675247e-09
1.55078125,-4.656613e-09
1.5517578125,-4.656613e-09
1.552734375,-9.749783e-09
1.5537109375,-4.656613e-09
1.5546875,1.455192e-09
1.5556640625,-2.619345e-09
1.556640625,-1.600711e-09
1.5576171875,4.365575e-10
1.55859375,-3.637979e-09
1.5595703125,-7.712515e-09
1.560546875,-3.637979e-09
1.5615234375,-3.637979e-09
1.5625,-3.637979e-09
1.5634765625,-5.675247e-09
1.564453125,-7.712515e-09
1.5654296875,-7.712515e-09
1.56640625,-5.675247e-09
1.5673828125,-4.656613e-09
1.568359375,-6.693881e-09
1.5693359375,-8.731149e-09
1.5703125,-1.178705e-08
1.5712890625,-6.693881e-09
1.572265625,-3.637979e-09
1.5732421875,4.365575e-10
1.57421875,4.365575e-10
1.5751953125,-7.712515e-09
1.576171875,-3.637979e-09
1.5771484375,-8.731149e-09
1.578125,-5.675247e-09
1.5791015625,-4.656613e-09
1.580078125,-8.731149e-09
1.5810546875,-6.693881e-09
1.58203125,2.473826e-09
1.5830078125,-1.600711e-09
1.583984375,-1.600711e-09
1.5849609375,-2.619345e-09
1.5859375,1.455192e-09
1.5869140625,-6.693881e-09
1.587890625,-9.749783e-09
1.5888671875,-6.693881e-09
1.58984375,-2.619345e-09
1.5908203125,4.365575e-10
1.591796875,-8.731149e-09
1.5927734375,-3.637979e-09
1.59375,-3.637979e-09
1.5947265625,-2.619345e-09
1.595703125,-2.619345e-09
1.5966796875,-3.637979e-09
1.59765625,-1.076842e-08
1.5986328125,-4.656613e-09
1.599609375,-3.637979e-09
1.6005859375,-3.637979e-09
1.6015625,1.455192e-09
1.6025390625,-5.820766e-10
1.603515625,-8.731149e-09
1.6044921875,-7.712515e-09
1.60546875,-8.731149e-09
1.6064453125,-3.637979e-09
1.607421875,-7.712515e-09
1.6083984375,-3.637979e-09
1.609375,-4.656613e-09
1.6103515625,-1.600711e-09
1.611328125,-5.820766e-10
1.6123046875,-1.600711e-09
1.61328125,-4.656613e-09
1.6142578125,-9.749783e-09
1.615234375,-3.637979e-09
1.6162109375,-5.675247e-09
1.6171875,-2.619345e-09
1.6181640625,-3.637979e-09
1.619140625,-3.637979e-09
1.6201171875,-3.637979e-09
1.62109375,-5.675247e-09
1.6220703125,4.365575e-10
1.623046875,-4.656613e-09
1.6240234375,-4.656613e-09
1.625,-6.693881e-09
1.6259765625,-6.693881e-09
1.626953125,-4.656613e-09
1.6279296875,-2.619345e-09
1.62890625,4.365575e-10
1.6298828125,-5.820766e-10
1.630859375,-1.600711e-09
1.6318359375,4.365575e-10
1.6328125,-4.656613e-09
1.6337890625,-5.675247e-09
1.634765625,-7.712515e-09
1.6357421875,-7.712515e-09
1.63671875,-6.693881e-09
1.6376953125,-3.637979e-09
1.638671875,-3.637979e-09
1.6396484375,-5.820766e-10
1.640625,-5.675247e-09
1.6416015625,-8.731149e-09
1.642578125,-8.731149e-09
1.6435546875,-4.656613e-09
1.64453125,-5.675247e-09
1.6455078125,-4.656613e-09
1.646484375,-1.600711e-09
1.6474609375,-2.619345e-09
1.6484375,-1.178705e-08
1.6494140625,-7.712515e-09
1.650390625,-4.656613e-09
1.6513671875,-5.675247e-09
1.65234375,-1.076842e-08
1.6533203125,-1.076842e-08
1.654296875,-5.675247e-09
1.6552734375,2.473826e-09
1.65625,-5.820766e-10
1.6572265625,-1.600711e-09
1.658203125,4.365575e-10
1.6591796875,-2.619345e-09
1.66015625,-5.675247e-09
1.6611328125,-5.675247e-09
1.662109375,-1.600711e-09
1.6630859375,-8.731149e-09
1.6640625,-4.656613e-09
1.6650390625,-5.675247e-09
1.666015625,1.455192e-09
1.6669921875,2.473826e-09
1.66796875,4.365575e-10
1.6689453125,-3.637979e-09
1.669921875,-6.693881e-09
1.6708984375,-1.076842e-08
1.671875,-4.656613e-09
1.6728515625,-2.619345e-09
1.673828125,-2.619345e-09
1.6748046875,-6.693881e-09
1.67578125,-5.675247e-09
1.6767578125,-1.076842e-08
1.677734375,-4.656613e-09
1.6787109375,-7.712515e-09
1.6796875,-5.675247e-09
1.6806640625,-1.178705e-08
1.681640625,-5.675247e-09
1.6826171875,-6.693881e-09
1.68359375,-2.619345e-09
1.6845703125,-3.637979e-09
1.685546875,-5.675247e-09
1.6865234375,-6.693881e-09
1.6875,-4.656613e-09
1.6884765625,-6.693881e-09
1.689453125,-8.731149e-09
1.6904296875,-6.693881e-09
1.69140625,-3.637979e-09
1.6923828125,-1.600711e-09
1.693359375,-2.619345e-09
1.6943359375,4.511094e-09
1.6953125,-2.619345e-09
1.6962890625,-6.693881e-09
1.697265625,-1.178705e-08
1.6982421875,-4.656613e-09
1.69921875,-5.675247e-09
1.7001953125,-4.656613e-09
1.701171875,-5.820766e-10
1.7021484375,-4.656613e-09
1.703125,-6.693881e-09
1.7041015625,-7.712515e-09
1.705078125,-4.656613e-09
1.7060546875,-8.731149e-09
1.70703125,-1.178705e-08
1.7080078125,-1.076842e-08
1.708984375,-5.675247e-09
1.7099609375,-6.693881e-09
1.7109375,4.365575e-10
1.7119140625,1.455192e-09
1.712890625,-1.600711e-09
1.7138671875,-3.637979e-09
1.71484375,-1.600711e-09
1.7158203125,-6.693881e-09
1.716796875,-2.619345e-09
1.7177734375,-8.731149e-09
1.71875,-6.693881e-09
1.7197265625,-4.656613e-09
1.720703125,4.365575e-10
1.7216796875,-5.820766e-10
1.72265625,3.49246e-09
1.7236328125,-5.675247e-09
1.724609375,-5.675247e-09
1.7255859375,-4.656613e-09
1.7265625,-3.637979e-09
1.7275390625,-4.656613e-09
1.728515625,-2.619345e-09
1.7294921875,-4.656613e-09
1.73046875,-1.178705e-08
1.7314453125,-7.712515e-09
1.732421875,-7.712515e-09
1.7333984375,-6.693881e-09
1.734375,-1.076842e-08
1.7353515625,-9.749783e-09
1.736328125,-7.712515e-09
1.7373046875,4.365575e-10
1.73828125,-4.656613e-09
1.7392578125,-1.600711e-09
1.740234375,-5.820766e-10
1.7412109375,-4.656613e-09
1.7421875,-4.656613e-09
1.7431640625,-4.656613e-09
1.744140625,-9.749783e-09
1.7451171875,-9.749783e-09
1.74609375,-6.693881e-09
1.7470703125,-1.600711e-09
1.748046875,-4.656613e-09
1.7490234375,-5.820766e-10
1.75,-1.600711e-09
1.7509765625,-4.656613e-09
1.751953125,-5.675247e-09
1.7529296875,-8.731149e-09
1.75390625,-9.749783e-09
1.7548828125,-9.749783e-09
1.755859375,-3.637979e-09
1.7568359375,-4.656613e-09
1.7578125,-3.637979e-09
1.7587890625,-5.675247e-09
1.759765625,-4.656613e-09
1.7607421875,-6.693881e-09
1.76171875,-4.656613e-09
1.7626953125,-8.731149e-09
1.763671875,-7.712515e-09
1.7646484375,-5.675247e-09
1.765625,-4.656613e-09
1.7666015625,2.473826e-09
1.767578125,-5.820766e-10
1.7685546875,-4.656613e-09
1.76953125,-4.656613e-09
1.7705078125,-7.712515e-09
1.771484375,-9.749783e-09
1.7724609375,-8.731149e-09
1.7734375,-6.693881e-09
1.7744140625,-4.656613e-09
1.775390625,-1.600711e-09
1.7763671875,2.473826e-09
1.77734375,-1.600711e-09
1.7783203125,-4.656613e-09
1.779296875,-9.749783e-09
1.7802734375,-1.484295e-08
1.78125,-2.619345e-09
1.7822265625,-5.675247e-09
1.783203125,-5.675247e-09
1.7841796875,-3.637979e-09
1.78515625,-6.693881e-09
1.7861328125,-4.656613e-09
1.787109375,-1.600711e-09
1.7880859375,-1.600711e-09
1.7890625,-1.280569e-08
1.7900390625,-1.076842e-08
1.791015625,-1.280569e-08
1.7919921875,-6.693881e-09
1.79296875,-3.637979e-09
1.7939453125,2.473826e-09
1.794921875,-5.820766e-10
1.7958984375,-4.656613e-09
1.796875,-7.712515e-09
1.7978515625,-1.600711e-09
1.798828125,-7.712515e-09
1.7998046875,-1.178705e-08
1.80078125,-4.656613e-09
1.8017578125,-4.656613e-09
1.802734375,-3.637979e-09
1.8037109375,3.49246e-09
1.8046875,-1.600711e-09
1.8056640625,-2.619345e-09
1.806640625,-8.731149e-09
1.8076171875,-7.712515e-09
1.80859375,-8.731149e-09
1.8095703125,-2.619345e-09
1.810546875,-1.600711e-09
1.8115234375,-6.693881e-09
1.8125,-5.675247e-09
1.8134765625,-4.656613e-09
1.814453125,-5.675247e-09
1.8154296875,-9.749783e-09
1.81640625,-8.731149e-09
1.8173828125,-6.693881e-09
1.818359375,-5.675247e-09
1.8193359375,-7.712515e-09
1.8203125,-4.656613e-09
1.8212890625,-4.656613e-09
1.822265625,-4.656613e-09
1.8232421875,-5.820766e-10
1.82421875,-1.600711e-09
1.8251953125,-8.731149e-09
1.826171875,-9.749783e-09
1.8271484375,-1.178705e-08
1.828125,-3.637979e-09
1.8291015625,-5.675247e-09
1.830078125,1.455192e-09
1.8310546875,4.365575e-10
1.83203125,5.529728e-09
1.8330078125,-1.600711e-09
1.833984375,-3.637979e-09
1.8349609375,-8.731149e-09
1.8359375,-6.693881e-09
1.8369140625,-2.619345e-09
1.837890625,-3.637979e-09
1.8388671875,-1.600711e-09
1.83984375,-6.693881e-09
1.8408203125,-6.693881e-09
1.841796875,-6.693881e-09
1.8427734375,-4.656613e-09
1.84375,-6.693881e-09
1.8447265625,-7.712515e-09
1.845703125,-4.656613e-09
1.8466796875,-9.749783e-09
1.84765625,-3.637979e-09
1.8486328125,-1.600711e-09
1.849609375,4.365575e-10
1.8505859375,-5.675247e-09
1.8515625,-4.656613e-09
1.8525390625,-6.693881e-09
1.853515625,-7.712515e-09
1.8544921875,-9.749783e-09
1.85546875,-6.693881e-09
1.8564453125,-7.712515e-09
1.857421875,-5.820766e-10
1.8583984375,3.49246e-09
1.859375,1.455192e-09
1.8603515625,-5.675247e-09
1.861328125,-1.600711e-09
1.8623046875,-7.712515e-09
1.86328125,-5.675247e-09
1.8642578125,-8.731149e-09
1.865234375,-2.619345e-09
1.8662109375,-1.600711e-09
1.8671875,-2.619345e-09
1.8681640625,-8.731149e-09
1.869140625,-6.693881e-09
1.8701171875,-6.693881e-09
1.87109375,-5.675247e-09
1.8720703125,-1.600711e-09
1.873046875,-1.076842e-08
1.8740234375,-6.693881e-09
1.875,-8.731149e-09
1.8759765625,4.365575e-10
1.876953125,-3.637979e-09
1.8779296875,-1.600711e-09
1.87890625,-3.637979e-09
1.8798828125,-5.675247e-09
1.880859375,-8.731149e-09
1.8818359375,-5.675247e-09
1.8828125,-8.731149e-09
1.8837890625,-4.656613e-09
1.884765625,-2.619345e-09
1.8857421875,-5.675247e-09
1.88671875,-2.619345e-09
1.8876953125,-4.656613e-09
1.888671875,4.365575e-10
1.8896484375,-4.656613e-09
1.890625,-4.656613e-09
1.8916015625,-7.712515e-09
1.892578125,-4.656613e-09
1.8935546875,-7.712515e-09
1.89453125,-6.693881e-09
1.8955078125,-8.731149e-09
1.896484375,-3.637979e-09
1.8974609375,-7.712515e-09
1.8984375,-6.693881e-09
1.8994140625,-6.693881e-09
1.900390625,-4.656613e-09
1.9013671875,-3.637979e-09
1.90234375,-3.637979e-09
1.9033203125,4.365575e-10
1.904296875,2.473826e-09
1.9052734375,-3.637979e-09
1.90625,-4.656613e-09
1.9072265625,-5.675247e-09
1.908203125,-4.656613e-09
1.9091796875,-5.675247e-09
1.91015625,-1.600711e-09
1.9111328125,-3.637979e-09
1.912109375,-7.712515e-09
1.9130859375,-3.637979e-09
1.9140625,2.473826e-09
1.9150390625,-2.619345e-09
1.916015625,-5.675247e-09
1.9169921875,-5.675247e-09
1.91796875,-5.675247e-09
1.9189453125,-4.656613e-09
1.919921875,-1.600711e-09
1.9208984375,-3.637979e-09
1.921875,-5.675247e-09
1.9228515625,-2.619345e-09
1.923828125,-7.712515e-09
1.9248046875,-6.693881e-09
1.92578125,-4.656613e-09
1.9267578125,-1.178705e-08
1.927734375,-9.749783e-09
1.9287109375,-7.712515e-09
1.9296875,-4.656613e-09
1.9306640625,-6.693881e-09
1.931640625,1.455192e-09
1.9326171875,-3.637979e-09
1.93359375,-5.820766e-10
1.9345703125,-4.656613e-09
1.935546875,-2.619345e-09
1.9365234375,-5.675247e-09
1.9375,-5.675247e-09
1.9384765625,-4.656613e-09
1.939453125,-5.820766e-10
1.9404296875,4.365575e-10
1.94140625,2.473826e-09
1.9423828125,3.49246e-09
1.943359375,-7.712515e-09
1.9443359375,-8.731149e-09
1.9453125,-8.731149e-09
1.9462890625,-5.675247e-09
1.947265625,-5.675247e-09
1.9482421875,-6.693881e-09
1.94921875,-4.656613e-09
1.9501953125,-8.731149e-09
1.951171875,-7.712515e-09
1.9521484375,-4.656613e-09
1.953125,-4.656613e-09
1.9541015625,-5.675247e-09
1.955078125,-9.749783e-09
1.9560546875,-8.731149e-09
1.95703125,-4.656613e-09
1.9580078125,-4.656613e-09
1.958984375,-5.820766e-10
1.9599609375,-4.656613e-09
1.9609375,-3.637979e-09
1.9619140625,-7.712515e-09
1.962890625,-8.731149e-09
1.9638671875,-6.693881e-09
1.96484375,-8.731149e-09
1.9658203125,-7.712515e-09
1.966796875,-6.693881e-09
1.9677734375,-1.600711e-09
1.96875,1.455192e-09
1.9697265625,-4.656613e-09
1.970703125,-4.656613e-09
1.9716796875,-8.731149e-09
1.97265625,-9.749783e-09
1.9736328125,-1.178705e-08
1.974609375,-3.637979e-09
1.9755859375,-1.600711e-09
1.9765625,-4.656613e-09
1.9775390625,-2.619345e-09
1.978515625,-1.600711e-09
1.9794921875,-9.749783e-09
1.98046875,-6.693881e-09
1.9814453125,-8.731149e-09
1.982421875,-6.693881e-09
1.9833984375,-5.675247e-09
1.984375,-7.712515e-09
1.9853515625,-5.820766e-10
1.986328125,-5.820766e-10
1.9873046875,-1.600711e-09
1.98828125,-3.637979e-09
1.9892578125,-5.675247e-09
1.990234375,-1.600711e-09
1.9912109375,-6.693881e-09
1.9921875,-4.656613e-09
1.9931640625,-6.693881e-09
1.994140625,-3.637979e-09
1.9951171875,-2.619345e-09
1.99609375,-1.600711e-09
1.9970703125,-2.619345e-09
1.998046875,-2.619345e-09
1.9990234375,-6.693881e-09
2.0,-1.280569e-08
2.0009765625,-4.656613e-09
2.001953125,-5.675247e-09
2.0029296875,-6.693881e-09
2.00390625,-5.675247e-09
2.0048828125,-4.656613e-09
2.005859375,-6.693881e-09
2.0068359375,-7.712515e-09
2.0078125,-3.637979e-09
2.0087890625,-9.749783e-09
2.009765625,-6.693881e-09
2.0107421875,-6.693881e-09
2.01171875,-1.600711e-09
2.0126953125,-1.600711e-09
2.013671875,-1.600711e-09
2.0146484375,-2.619345e-09
2.015625,-2.619345e-09
2.0166015625,-2.619345e-09
2.017578125,-1.600711e-09
2.0185546875,-4.656613e-09
2.01953125,-9.749783e-09
2.0205078125,-7.712515e-09
2.021484375,-1.600711e-09
2.0224609375,4.365575e-10
2.0234375,-3.637979e-09
2.0244140625,-1.600711e-09
2.025390625,-7.712515e-09
2.0263671875,-6.693881e-09
2.02734375,-7.712515e-09
2.0283203125,-7.712515e-09
2.029296875,-4.656613e-09
2.0302734375,-5.675247e-09
2.03125,-4.656613e-09
2.0322265625,-4.656613e-09
2.033203125,-3.637979e-09
2.0341796875,-6.693881e-09
2.03515625,-4.656613e-09
2.0361328125,-5.675247e-09
2.037109375,-5.675247e-09
2.0380859375,-8.731149e-09
2.0390625,-4.656613e-09
2.0400390625,-6.693881e-09
2.041015625,4.365575e-10
2.0419921875,3.49246e-09
2.04296875,-7.712515e-09
2.0439453125,-3.637979e-09
2.044921875,4.365575e-10
2.0458984375,-6.693881e-09
2.046875,-9.749783e-09
2.0478515625,-5.675247e-09
2.048828125,-2.619345e-09
2.0498046875,-1.600711e-09
2.05078125,-1.600711e-09
2.0517578125,-5.820766e-10
2.052734375,1.455192e-09
2.0537109375,-8.731149e-09
2.0546875,-6.693881e-09
2.0556640625,-1.076842e-08
2.056640625,-5.675247e-09
2.0576171875,-6.693881e-09
2.05859375,4.365575e-10
2.0595703125,-7.712515e-09
2.060546875,-3.637979e-09
2.0615234375,-5.675247e-09
2.0625,-3.637979e-09
2.0634765625,-5.675247e-09
2.064453125,-7.712515e-09
2.0654296875,-1.178705e-08
2.06640625,-9.749783e-09
2.0673828125,-6.693881e-09
2.068359375,-3.637979e-09
2.0693359375,-4.656613e-09
2.0703125,-3.637979e-09
2.0712890625,-3.637979e-09
2.072265625,-8.731149e-09
2.0732421875,-1.600711e-09
2.07421875,-8.731149e-09
2.0751953125,-1.076842e-08
2.076171875,-7.712515e-09
2.0771484375,-4.656613e-09
2.078125,-2.619345e-09
2.0791015625,-3.637979e-09
2.080078125,-2.619345e-09
2.0810546875,-4.656613e-09
2.08203125,-1.178705e-08
2.0830078125,-1.280569e-08
2.083984375,-4.656613e-09
2.0849609375,-2.619345e-09
2.0859375,-5.820766e-10
2.0869140625,-6.693881e-09
2.087890625,-7.712515e-09
2.0888671875,-5.675247e-09
2.08984375,-5.675247e-09
2.0908203125,-7.712515e-09
2.091796875,-5.675247e-09
2.0927734375,-8.731149e-09
2.09375,-8.731149e-09
2.0947265625,-3.637979e-09
2.095703125,4.365575e-10
2.0966796875,-5.820766e-10
2.09765625,-5.675247e-09
2.0986328125,-2.619345e-09
2.099609375,-5.675247e-09
2.1005859375,-4.656613e-09
2.1015625,-1.076842e-08
2.1025390625,-2.619345e-09
2.103515625,-7.712515e-09
2.1044921875,-5.675247e-09
2.10546875,-3.637979e-09
2.1064453125,-4.656613e-09
2.107421875,-2.619345e-09
2.1083984375,-5.675247e-09
2.109375,-5.675247e-09
2.1103515625,-3.637979e-09
2.111328125,-5.675247e-09
2.1123046875,-3.637979e-09
2.11328125,-5.820766e-10
2.1142578125,-6.693881e-09
2.115234375,-5.675247e-09
2.1162109375,-1.178705e-08
2.1171875,-9.749783e-09
2.1181640625,-1.178705e-08
2.119140625,-1.076842e-08
2.1201171875,-1.076842e-08
2.12109375,-9.749783e-09
2.1220703125,-2.619345e-09
2.123046875,-2.619345e-09
2.1240234375,-3.637979e-09
2.125,-1.600711e-09
2.1259765625,-5.675247e-09
2.126953125,-2.619345e-09
2.1279296875,-4.656613e-09
2.12890625,-5.675247e-09
2.1298828125,-4.656613e-09
2.130859375,-8.731149e-09
2.1318359375,-1.600711e-09
2.1328125,1.455192e-09
2.1337890625,-5.675247e-09
2.134765625,4.511094e-09
2.1357421875,-4.656613e-09
2.13671875,-7.712515e-09
2.1376953125,-9.749783e-09
2.138671875,-6.693881e-09
2.1396484375,-4.656613e-09
2.140625,-4.656613e-09
2.1416015625,-2.619345e-09
2.142578125,-4.656613e-09
2.1435546875,-2.619345e-09
2.14453125,-3.637979e-09
2.1455078125,-3.637979e-09
2.146484375,-2.619345e-09
2.1474609375,-1.484295e-08
2.1484375,-7.712515e-09
2.1494140625,-6.693881e-09
2.150390625,-5.675247e-09
2.1513671875,-1.600711e-09
2.15234375,4.365575e-10
2.1533203125,-4.656613e-09
2.154296875,-5.675247e-09
2.1552734375,-4.656613e-09
2.15625,-4.656613e-09
2.1572265625,-3.637979e-09
2.158203125,-1.076842e-08
2.1591796875,-3.637979e-09
2.16015625,-2.619345e-09
2.1611328125,-2.619345e-09
2.162109375,-1.600711e-09
2.1630859375,-2.619345e-09
2.1640625,-1.600711e-09
2.1650390625,-7.712515e-09
2.166015625,-1.178705e-08
2.1669921875,-4.656613e-09
2.16796875,-4.656613e-09
2.1689453125,-3.637979e-09
2.169921875,-6.693881e-09
2.1708984375,-6.693881e-09
2.171875,-5.675247e-09
2.1728515625,-3.637979e-09
2.173828125,-2.619345e-09
2.1748046875,-6.693881e-09
2.17578125,-4.656613e-09
2.1767578125,-7.712515e-09
2.177734375,-5.675247e-09
2.1787109375,-3.637979e-09
2.1796875,-4.656613e-09
2.1806640625,-4.656613e-09
2.181640625,-7.712515e-09
2.1826171875,-3.637979e-09
2.18359375,-5.675247e-09
2.1845703125,-9.749783e-09
2.185546875,-9.749783e-09
2.1865234375,-7.712515e-09
2.1875,-2.619345e-09
2.1884765625,-5.820766e-10
2.189453125,4.511094e-09
2.1904296875,2.473826e-09
2.19140625,-1.600711e-09
2.1923828125,-4.656613e-09
2.193359375,-4.656613e-09
2.1943359375,-4.656613e-09
2.1953125,-3.637979e-09
2.1962890625,-1.600711e-09
2.197265625,-6.693881e-09
2.1982421875,-8.731149e-09
2.19921875,-7.712515e-09
2.2001953125,-8.731149e-09
2.201171875,-3.637979e-09
2.2021484375,-6.693881e-09
2.203125,-7.712515e-09
2.2041015625,-3.637979e-09
2.205078125,-3.637979e-09
2.2060546875,-1.600711e-09
2.20703125,1.455192e-09
2.2080078125,-1.600711e-09
2.208984375,-4.656613e-09
2.2099609375,-6.693881e-09
2.2109375,-4.656613e-09
2.2119140625,-9.749783e-09
2.212890625,-6.693881e-09
2.2138671875,-4.656613e-09
2.21484375,-1.600711e-09
2.2158203125,4.365575e-10
2.216796875,-5.820766e-10
2.2177734375,4.365575e-10
2.21875,-8.731149e-09
2.2197265625,-6.693881e-09
2.220703125,-6.693881e-09
2.2216796875,-5.675247e-09
2.22265625,-5.820766e-10
2.2236328125,-4.656613e-09
2.224609375,-1.600711e-09
2.2255859375,-5.675247e-09
2.2265625,-7.712515e-09
2.2275390625,-1.600711e-09
2.228515625,-5.675247e-09
2.2294921875,-7.712515e-09
2.23046875,-1.178705e-08
2.2314453125,-6.693881e-09
2.232421875,-4.656613e-09
2.2333984375,-1.600711e-09
2.234375,-3.637979e-09
2.2353515625,-4.656613e-09
2.236328125,-4.656613e-09
2.2373046875,-5.820766e-10
2.23828125,-6.693881e-09
2.2392578125,-8.731149e-09
2.240234375,-9.749783e-09
2.2412109375,-6.693881e-09
2.2421875,-1.600711e-09
2.2431640625,-1.600711e-09
2.244140625,-1.600711e-09
2.2451171875,-3.637979e-09
2.24609375,-5.820766e-10
2.2470703125,-3.637979e-09
2.248046875,-1.076842e-08
2.2490234375,-4.656613e-09
2.25,-3.637979e-09
2.2509765625,-3.637979e-09
2.251953125,-5.675247e-09
2.2529296875,-3.637979e-09
2.25390625,-1.178705e-08
2.2548828125,-8.731149e-09
2.255859375,-6.693881e-09
2.2568359375,-5.675247e-09
2.2578125,-2.619345e-09
2.2587890625,-2.619345e-09
2.259765625,-1.600711e-09
2.2607421875,-1.600711e-09
2.26171875,4.365575e-10
2.2626953125,1.455192e-09
2.263671875,-5.820766e-10
2.2646484375,-5.675247e-09
2.265625,-9.749783e-09
2.2666015625,-7.712515e-09
2.267578125,-8.731149e-09
2.2685546875,-6.693881e-09
2.26953125,-4.656613e-09
2.2705078125,-1.600711e-09
2.271484375,-4.656613e-09
2.2724609375,-3.637979e-09
2.2734375,1.455192e-09
2.2744140625,-4.656613e-09
2.275390625,-9.749783e-09
2.2763671875,-2.619345e-09
2.27734375,-2.619345e-09
2.2783203125,-5.820766e-10
2.279296875,-5.675247e-09
2.2802734375,-6.693881e-09
2.28125,-4.656613e-09
2.2822265625,-7.712515e-09
2.283203125,-5.675247e-09
2.2841796875,-6.693881e-09
2.28515625,-8.731149e-09
2.2861328125,-1.600711e-09
2.287109375,-3.637979e-09
2.2880859375,-4.656613e-09
2.2890625,-5.820766e-10
2.2900390625,4.365575e-10
2.291015625,-3.637979e-09
2.2919921875,-7.712515e-09
2.29296875,-5.675247e-09
2.2939453125,-6.693881e-09
2.294921875,-4.656613e-09
2.2958984375,-7.712515e-09
2.296875,-5.675247e-09
2.2978515625,-2.619345e-09
2.298828125,1.455192e-09
2.2998046875,-5.820766e-10
2.30078125,-5.675247e-09
2.3017578125,-6.693881e-09
2.302734375,-3.637979e-09
2.3037109375,-9.749783e-09
2.3046875,-5.675247e-09
2.3056640625,-2.619345e-09
2.306640625,-3.637979e-09
2.3076171875,-6.693881e-09
2.30859375,-4.656613e-09
2.3095703125,-4.656613e-09
2.310546875,-5.675247e-09
2.3115234375,-3.637979e-09
2.3125,-7.712515e-09
2.3134765625,-5.675247e-09
2.314453125,-8.731149e-09
2.3154296875,-1.600711e-09
2.31640625,-4.656613e-09
2.3173828125,-5.820766e-10
2.318359375,-3.637979e-09
2.3193359375,-4.656613e-09
2.3203125,-5.675247e-09
2.3212890625,-6.693881e-09
2.322265625,-1.484295e-08
2.3232421875,-5.675247e-09
2.32421875,-5.675247e-09
2.3251953125,-3.637979e-09
2.326171875,3.49246e-09
2.3271484375,-5.820766e-10
2.328125,-2.619345e-09
2.3291015625,-4.656613e-09
2.330078125,-5.675247e-09
2.3310546875,-4.656613e-09
2.33203125,-4.656613e-09
2.3330078125,-2.619345e-09
2.333984375,-1.600711e-09
2.3349609375,-7.712515e-09
2.3359375,-3.637979e-09
2.3369140625,-5.675247e-09
2.337890625,-1.600711e-09
2.3388671875,-1.600711e-09
2.33984375,-1.178705e-08
2.3408203125,-7.712515e-09
2.341796875,-6.693881e-09
2.3427734375,-4.656613e-09
2.34375,-1.600711e-09
2.3447265625,-1.600711e-09
2.345703125,-2.619345e-09
2.3466796875,-3.637979e-09
2.34765625,-4.656613e-09
2.3486328125,-6.693881e-09
2.349609375,-7.712515e-09
2.3505859375,-4.656613e-09
2.3515625,-9.749783e-09
2.3525390625,-2.619345e-09
2.353515625,-5.820766e-10
2.3544921875,-5.820766e-10
2.35546875,4.365575e-10
2.3564453125,-6.693881e-09
2.357421875,-6.693881e-09
2.3583984375,-1.178705e-08
2.359375,-5.675247e-09
2.3603515625,-4.656613e-09
2.361328125,-3.637979e-09
2.3623046875,-1.178705e-08
2.36328125,-5.675247e-09
2.3642578125,-5.675247e-09
2.365234375,-3.637979e-09
2.3662109375,-7.712515e-09
2.3671875,-6.693881e-09
2.3681640625,-6.693881e-09
2.369140625,-3.637979e-09
2.3701171875,-3.637979e-09
2.37109375,1.455192e-09
2.3720703125,-2.619345e-09
2.373046875,-7.712515e-09
2.3740234375,-4.656613e-09
2.375,-6.693881e-09
2.3759765625,-7.712515e-09
2.376953125,-1.076842e-08
2.3779296875,-6.693881e-09
2.37890625,-4.656613e-09
2.3798828125,1.455192e-09
2.380859375,1.455192e-09
2.3818359375,-5.820766e-10
2.3828125,-4.656613e-09
2.3837890625,-4.656613e-09
2.384765625,-4.656613e-09
2.3857421875,-7.712515e-09
2.38671875,-3.637979e-09
2.3876953125,-1.600711e-09
2.388671875,-2.619345e-09
2.3896484375,-4.656613e-09
2.390625,-2.619345e-09
2.3916015625,-7.712515e-09
2.392578125,-7.712515e-09
2.3935546875,-6.693881e-09
2.39453125,-9.749783e-09
2.3955078125,-8.731149e-09
2.396484375,-4.656613e-09
2.3974609375,-7.712515e-09
2.3984375,-3.637979e-09
2.3994140625,-2.619345e-09
2.400390625,-2.619345e-09
2.4013671875,-6.693881e-09
2.40234375,-7.712515e-09
2.4033203125,-1.076842e-08
2.404296875,-1.280569e-08
2.4052734375,-4.656613e-09
2.40625,-1.600711e-09
2.4072265625,-2.619345e-09
2.408203125,-5.675247e-09
2.4091796875,4.365575e-10
2.41015625,-2.619345e-09
2.4111328125,-4.656613e-09
2.412109375,-5.675247e-09
2.4130859375,-7.712515e-09
2.4140625,-4.656613e-09
2.4150390625,-1.600711e-09
2.416015625,4.365575e-10
2.4169921875,-2.619345e-09
2.41796875,-8.731149e-09
2.4189453125,-7.712515e-09
2.419921875,-6.693881e-09
2.4208984375,-6.693881e-09
2.421875,-6.693881e-09
2.4228515625,-8.731149e-09
2.423828125,-7.712515e-09
2.4248046875,-3.637979e-09
2.42578125,-3.637979e-09
2.4267578125,4.365575e-10
2.427734375,4.365575e-10
2.4287109375,-4.656613e-09
2.4296875,-2.619345e-09
2.4306640625,-4.656613e-09
2.431640625,-7.712515e-09
2.4326171875,-7.712515e-09
2.43359375,-5.675247e-09
2.4345703125,-3.637979e-09
2.435546875,4.365575e-10
2.4365234375,-1.600711e-09
2.4375,-1.600711e-09
2.4384765625,-4.656613e-09
2.439453125,-6.693881e-09
2.4404296875,-8.731149e-09
